Ref,Val,Package,PosX,PosY,Rot,Side
"C1","10uF","C_0805_2012Metric",92.480000,-39.350000,270.000000,top
"C2","10uF","C_0805_2012Metric",102.430000,-38.552000,90.000000,top
"C3","100nf","C_0402_1005Metric",100.600000,-69.600000,0.000000,top
"C4","4.7uF","C_0603_1608Metric",105.100000,-68.850000,90.000000,top
"C5","100nF","C_0402_1005Metric",102.850000,-69.600000,180.000000,top
"C6","10uF","C_0603_1608Metric",97.450000,-100.550000,270.000000,top
"C7","3.3uF","C_0603_1608Metric",107.850000,-73.350000,180.000000,top
"C8","100nf","C_0402_1005Metric",94.600000,-77.500000,270.000000,top
"C9","10uF","C_0603_1608Metric",96.200000,-78.000000,270.000000,top
"C10","10uF","C_0603_1608Metric",99.000000,-78.100000,270.000000,top
"C11","10uF","C_0603_1608Metric",79.662500,-106.150000,180.000000,top
"C12","2.7nF","C_0603_1608Metric",113.350000,-75.600000,0.000000,top
"C13","100nf","C_0402_1005Metric",75.750000,-87.250000,270.000000,top
"C14","10nF","C_0402_1005Metric",76.750000,-87.250000,270.000000,top
"C15","10uF","C_0603_1608Metric",80.002500,-67.590000,0.000000,top
"C16","100nf","C_0402_1005Metric",77.505000,-68.900000,0.000000,top
"C17","100nf","C_0402_1005Metric",78.950000,-82.800000,270.000000,top
"C18","100nf","C_0402_1005Metric",72.250000,-87.500000,270.000000,top
"C19","100nf","C_0402_1005Metric",63.985000,-86.500000,180.000000,top
"C20","100nf","C_0402_1005Metric",59.000000,-82.250000,90.000000,top
"C21","100nf","C_0402_1005Metric",60.750000,-68.750000,90.000000,top
"C22","100nf","C_0402_1005Metric",65.730000,-86.970000,270.000000,top
"C23","100nf","C_0402_1005Metric",101.810000,-82.555000,180.000000,top
"C24","4.7uF","C_0603_1608Metric",107.110000,-81.505000,270.000000,top
"C25","100nF","C_0402_1005Metric",105.250000,-82.505000,0.000000,top
"C26","10uF","C_0603_1608Metric",79.662500,-110.150000,0.000000,top
"C27","2.2uF","C_0603_1608Metric",80.010000,-70.110000,0.000000,top
"C28","2.2uF","C_0603_1608Metric",62.537500,-67.000000,180.000000,top
"C29","1uF","C_0603_1608Metric",73.500000,-89.750000,180.000000,top
"C30","100nF","C_0402_1005Metric",73.640000,-87.785000,270.000000,top
"C31","10uF","C_0805_2012Metric",87.260000,-118.902000,0.000000,top
"C32","1uF","C_0603_1608Metric",110.858000,-86.336000,180.000000,top
"C33","100nf","C_0402_1005Metric",98.100000,-90.146000,270.000000,top
"C34","1uF","C_0603_1608Metric",100.387500,-89.900000,0.000000,top
"C35","10uF","C_0603_1608Metric",94.350000,-90.850000,270.000000,top
"C36","180pF","C_0603_1608Metric",107.966000,-87.352000,270.000000,top
"C38","12pF","C_0402_1005Metric",63.750000,-92.000000,90.000000,top
"C39","12pF","C_0402_1005Metric",69.750000,-92.000000,270.000000,top
"D1","B5819W","D_SOD-123",100.400000,-27.850000,0.000000,top
"D3","B5819W","D_SOD-123",95.000000,-30.600000,180.000000,top
"D4","LED_RGBA","19-237-R6GHBHC-A01-2T",99.643332,-62.300000,0.000000,top
"D5","LED_RGBA","19-237-R6GHBHC-A01-2T",75.926666,-62.300000,0.000000,top
"D6","LED_RGBA","19-237-R6GHBHC-A01-2T",52.210000,-62.300000,0.000000,top
"FB1","100 @100 MHz","L_0805_2012Metric",96.212500,-33.100000,0.000000,top
"FB2","600 @100 MHz","L_0805_2012Metric",101.100000,-67.850000,180.000000,top
"FB3","100 @100 MHz","L_0805_2012Metric",79.000000,-87.250000,0.000000,top
"FB4","600 @100 MHz","L_0805_2012Metric",103.910500,-80.957000,180.000000,top
"G***","LOGO","Untitled",119.400000,-31.950000,90.000000,top
"HSE1","16MHz","Crystal_SMD_3225-4Pin_3.2x2.5mm",66.750000,-92.250000,0.000000,top
"J7","USB_B_Mini","USB_Mini-B_Lumberg_2486_01_Horizontal",64.760000,-31.470000,180.000000,top
"Power On","LED_Green","LED_0603_1608Metric",111.400000,-44.350000,0.000000,top
"R1","2k2","R_0603_1608Metric",102.437500,-42.100000,90.000000,top
"R2","1","R_0805_2012Metric",107.100000,-69.100000,90.000000,top
"R3","10k","R_0603_1608Metric",74.360000,-32.420000,180.000000,top
"R4","470","R_0603_1608Metric",113.350000,-73.350000,0.000000,top
"R5","10k","R_0603_1608Metric",74.340000,-28.800000,180.000000,top
"R6","10K","R_0603_1608Metric",110.600000,-74.100000,90.000000,top
"R7","1","R_0805_2012Metric",108.960000,-81.305000,270.000000,top
"R8","47","R_0603_1608Metric",76.500000,-89.750000,180.000000,top
"R9","10k","R_0603_1608Metric",87.080000,-32.540000,180.000000,top
"R10","10k","R_0603_1608Metric",90.350000,-86.100000,90.000000,top
"R11","5.1K","R_0603_1608Metric",114.316000,-86.336000,180.000000,top
"R12","10k","R_0603_1608Metric",86.940000,-28.760000,180.000000,top
"R13","5.1K","R_0603_1608Metric",110.760000,-88.114000,0.000000,top
"R14","100","R_0603_1608Metric",69.250000,-88.250000,90.000000,top
"R15","10k","R_0603_1608Metric",94.850000,-98.150000,180.000000,top
"R16","10k","R_0603_1608Metric",94.850000,-99.750000,0.000000,top
"R17","10k","R_0603_1608Metric",79.650000,-107.750000,0.000000,top
"R18","10k","R_0603_1608Metric",94.850000,-101.350000,180.000000,top
"R19","10k","R_0603_1608Metric",79.650000,-111.950000,180.000000,top
"R20","10k","R_0603_1608Metric",85.660000,-116.752000,0.000000,top
"R21","10k","R_0603_1608Metric",88.960000,-116.752000,0.000000,top
"R22","1k","R_0603_1608Metric",91.380000,-60.060000,0.000000,top
"R23","1k","R_0603_1608Metric",91.380000,-58.560000,0.000000,top
"R24","1k","R_0603_1608Metric",91.380000,-61.560000,0.000000,top
"R25","1k","R_0603_1608Metric",84.320000,-58.630000,180.000000,top
"R26","1k","R_0603_1608Metric",84.320000,-61.630000,180.000000,top
"R27","1k","R_0603_1608Metric",84.320000,-60.130000,180.000000,top
"R28","1k","R_0603_1608Metric",60.810000,-61.802000,180.000000,top
"R29","1k","R_0603_1608Metric",60.810000,-58.552000,180.000000,top
"R30","1k","R_0603_1608Metric",60.797500,-60.102000,180.000000,top
"R31","10k","R_0603_1608Metric",79.200000,-103.500000,0.000000,top
"R32","10k","R_0603_1608Metric",79.337500,-100.000000,180.000000,top
"R33","10k","R_0603_1608Metric",94.060000,-110.114500,90.000000,top
"R34","10k","R_0603_1608Metric",94.060000,-106.702000,90.000000,top
"U1","AMS1117-3.3","SOT-223-3_TabPin2",97.480000,-39.600000,270.000000,top
"U2","CS4344_CZZ","SOP50P490X110-10N",96.350000,-72.850000,0.000000,top
"U4","CS5343_CZZ","SOP50P490X110-10N",96.350000,-86.100000,0.000000,top
"U5","STM32F407VGT60","LQFP-100_14x14mm_P0.5mm",68.943260,-76.836060,90.000000,top
"U6","USBLC6-2SC6","SOT-23-6",65.150000,-42.200000,270.000000,top
